model,accuracy,precision,recall,f1,roc_auc
logistic_regression,0.895,0.8518518518518519,0.8846153846153846,0.8679245283018868,0.9661622530474989
random_forest_clf,0.85,0.8157894736842105,0.7948717948717948,0.8051948051948052,0.9441992433795713
xgboost_clf,0.835,0.8082191780821918,0.7564102564102564,0.7814569536423841,0.9320092475830182
