r2,mae,rmse
0.463528041748994,8.9965,11.100529266661118
