model,r2,mae,rmse
linear_regression,0.8804332983749563,4.214763142474852,5.393993869732847
random_forest,0.8544246988910909,4.5860368454633536,5.951811560471331
xgboost,0.8490921854972839,4.676387310028076,6.059840612046509
decision_tree,0.8169510521943651,5.301367733874312,6.67404210959945
