,count,mean,std,min,25%,50%,75%,max
reading_score,1000.0,69.169,14.600191937252216,17.0,59.0,70.0,79.0,100.0
writing_score,1000.0,68.054,15.19565701086965,10.0,57.75,69.0,79.0,100.0
math_score,1000.0,66.089,15.16308009600945,0.0,57.0,66.0,77.0,100.0
