parental_level_of_education,count,mean,median
master's degree,59,69.7457627118644,73.0
bachelor's degree,118,69.38983050847457,68.0
associate's degree,222,67.88288288288288,67.0
some college,226,67.1283185840708,67.5
some high school,179,63.497206703910614,65.0
high school,196,62.13775510204081,63.0
