lunch,count,mean,median
standard,645,70.03410852713178,69.0
free/reduced,355,58.92112676056338,60.0
