test_preparation_course,count,mean,median
completed,358,69.69553072625699,69.0
none,642,64.0778816199377,64.0
