gender,count,mean,median
male,482,68.72821576763485,69.0
female,518,63.633204633204635,65.0
