race_ethnicity,count,mean,median
group E,140,73.82142857142857,74.5
group D,262,67.36259541984732,69.0
group C,319,64.46394984326018,65.0
group B,190,63.45263157894737,63.0
group A,89,61.62921348314607,61.0
